ogi,vis,xpost,ypost,xposp,yposp,0,1,2,3,4,5,6,7,8,9,pred,target
0,1,0.75855,0.81047,0.83194,0.96251,0.00099,0.00002,0.00082,0.98871,0.00079,0.00401,0.00164,0.00061,0.00049,0.00191,3,3
1,1,0.27955,0.18271,0.06429,0.36510,0.00321,0.00230,0.00091,0.00087,0.00277,0.00174,0.00037,0.00002,0.98534,0.00248,8,8
2,1,0.30932,0.17779,0.05276,0.36283,0.00280,0.00216,0.00078,0.00072,0.00234,0.00157,0.00031,0.00002,0.98715,0.00215,8,8
3,1,0.80242,0.12083,0.38600,0.38887,0.98913,0.00120,0.00269,0.00134,0.00064,0.00005,0.00015,0.00113,0.00238,0.00129,0,0
4,1,0.78491,0.60684,0.77427,0.48032,0.00034,0.00262,0.00349,0.00310,0.00248,0.00089,0.98446,0.00022,0.00055,0.00185,6,6
5,1,0.81453,0.62039,0.77347,0.48423,0.00032,0.00257,0.00329,0.00303,0.00238,0.00086,0.98496,0.00021,0.00053,0.00184,6,6
6,1,0.86461,0.53845,0.04791,0.50156,0.00139,0.98496,0.00019,0.00003,0.00004,0.00414,0.00230,0.00131,0.00232,0.00332,1,1
7,1,0.82982,0.73292,0.79080,0.48162,0.00025,0.00206,0.00286,0.00248,0.00191,0.00067,0.98777,0.00016,0.00040,0.00144,6,6
8,1,0.69747,0.80636,0.81582,0.94879,0.00124,0.00002,0.00096,0.98665,0.00098,0.00445,0.00191,0.00076,0.00062,0.00241,3,3
9,1,0.85735,0.49965,0.03102,0.50508,0.00120,0.98668,0.00015,0.00003,0.00003,0.00346,0.00198,0.00116,0.00205,0.00327,1,1
10,2,0.83089,0.17541,0.38963,0.39092,0.98934,0.00118,0.00266,0.00133,0.00062,0.00005,0.00015,0.00119,0.00218,0.00129,0,0
11,1,0.54107,0.16391,0.18112,0.72963,0.00215,0.00368,0.00010,0.00348,0.00020,0.00006,0.00142,0.00321,0.00246,0.98325,9,9
12,1,0.68222,0.33203,0.48474,0.65440,0.00011,0.00236,0.00231,0.01717,0.00240,0.96920,0.00084,0.00339,0.00213,0.00008,5,5
13,1,0.55931,0.88924,0.35479,0.41852,0.00165,0.00138,0.00153,0.00114,0.00335,0.00287,0.00011,0.98507,0.00002,0.00287,7,7
14,1,0.58621,0.09978,0.17405,0.73388,0.00194,0.00339,0.00008,0.00312,0.00017,0.00005,0.00126,0.00290,0.00225,0.98483,9,9
15,1,0.30033,0.28624,0.19403,0.38818,0.00780,0.00917,0.00374,0.00364,0.00993,0.00442,0.00851,0.00008,0.94392,0.00878,8,8
16,1,0.70406,0.41761,0.41984,0.58613,0.00007,0.00405,0.00206,0.00499,0.00164,0.97885,0.00043,0.00688,0.00097,0.00005,5,5
17,1,0.63583,0.91756,0.35195,0.42215,0.00139,0.00116,0.00127,0.00099,0.00285,0.00239,0.00009,0.98712,0.00001,0.00272,7,7
18,2,0.31625,0.11337,0.05281,0.36082,0.00262,0.00184,0.00073,0.00069,0.00230,0.00141,0.00028,0.00001,0.98806,0.00204,8,8
19,1,0.77414,0.56673,0.77091,0.47893,0.00037,0.00278,0.00374,0.00330,0.00267,0.00097,0.98336,0.00024,0.00060,0.00197,6,6
21,1,0.72636,0.20518,0.41589,0.37396,0.98508,0.00148,0.00461,0.00177,0.00085,0.00008,0.00023,0.00160,0.00278,0.00152,0,0
22,1,0.16196,0.25353,0.36153,0.18808,0.00093,0.00005,0.00150,0.00153,0.98679,0.00188,0.00175,0.00269,0.00270,0.00019,4,4
23,1,0.53106,0.20191,0.18547,0.72527,0.00235,0.00402,0.00011,0.00376,0.00022,0.00007,0.00157,0.00347,0.00268,0.98175,9,9
24,2,0.62667,0.39847,0.40898,0.53210,0.00020,0.00265,0.00372,0.01271,0.01875,0.94911,0.00137,0.00682,0.00457,0.00011,5,5
25,1,0.24913,0.73444,0.80695,0.20680,0.00501,0.00249,0.90583,0.01208,0.00659,0.04285,0.01271,0.00716,0.00490,0.00037,2,2
26,1,0.15687,0.18731,0.36445,0.18300,0.00072,0.00004,0.00120,0.00125,0.98926,0.00152,0.00149,0.00236,0.00202,0.00014,4,4
28,2,0.59413,0.17306,0.17208,0.73308,0.00193,0.00353,0.00008,0.00302,0.00017,0.00005,0.00128,0.00288,0.00224,0.98482,9,9
29,2,0.77541,0.66761,0.78223,0.47696,0.00030,0.00239,0.00337,0.00286,0.00230,0.00081,0.98563,0.00020,0.00049,0.00165,6,6
31,1,0.83761,0.32978,0.43096,0.60556,0.00004,0.00304,0.00154,0.00451,0.00111,0.98556,0.00039,0.00256,0.00121,0.00003,5,5
32,1,0.09626,0.32186,0.36560,0.19306,0.00096,0.00005,0.00157,0.00163,0.98610,0.00200,0.00187,0.00295,0.00266,0.00020,4,4
33,1,0.55656,0.43464,0.54391,0.47344,0.00115,0.00754,0.04180,0.03050,0.01262,0.87801,0.00477,0.01348,0.00971,0.00040,5,5
34,1,0.60811,0.10704,0.17897,0.73395,0.00202,0.00339,0.00009,0.00335,0.00018,0.00006,0.00131,0.00300,0.00234,0.98427,9,9
35,1,0.21070,0.82948,0.91203,0.04263,0.00314,0.00022,0.98684,0.00164,0.00146,0.00169,0.00256,0.00145,0.00091,0.00008,2,2
36,2,0.03466,0.39417,0.37041,0.20345,0.00124,0.00008,0.00202,0.00210,0.98226,0.00257,0.00242,0.00374,0.00330,0.00028,4,4
37,2,0.81848,0.43043,0.05699,0.52165,0.00300,0.96649,0.00035,0.00011,0.00010,0.00468,0.00410,0.00291,0.00476,0.01351,1,1
39,1,0.78382,0.37607,0.43089,0.58675,0.00010,0.00487,0.00260,0.00650,0.00190,0.97709,0.00072,0.00414,0.00203,0.00007,5,5
40,1,0.13563,0.30004,0.36534,0.18855,0.00088,0.00005,0.00144,0.00148,0.98718,0.00183,0.00172,0.00293,0.00231,0.00018,4,4
42,2,0.87371,0.31997,0.42908,0.60172,0.00004,0.00280,0.00142,0.00390,0.00097,0.98712,0.00034,0.00233,0.00107,0.00003,5,5
44,2,0.69810,0.14425,0.38887,0.39213,0.98578,0.00161,0.00341,0.00176,0.00087,0.00007,0.00022,0.00164,0.00285,0.00177,0,0
46,1,0.70389,0.75759,0.82170,0.94610,0.00107,0.00002,0.00100,0.98610,0.00103,0.00521,0.00206,0.00075,0.00061,0.00214,3,3
47,1,0.43111,0.24331,0.12375,0.51976,0.03034,0.04246,0.00351,0.01297,0.00725,0.00530,0.00754,0.00169,0.66318,0.22576,8,9
48,1,0.56461,0.90189,0.35203,0.41999,0.00161,0.00134,0.00145,0.00110,0.00327,0.00277,0.00010,0.98550,0.00002,0.00283,7,7
49,2,0.85745,0.69199,0.78280,0.48201,0.00026,0.00216,0.00286,0.00257,0.00206,0.00070,0.98726,0.00017,0.00043,0.00153,6,6
50,2,0.51478,0.03849,0.17633,0.74387,0.00172,0.00294,0.00007,0.00298,0.00015,0.00005,0.00116,0.00257,0.00199,0.98638,9,9
51,1,0.25663,0.08860,0.05928,0.36387,0.00276,0.00188,0.00078,0.00078,0.00258,0.00145,0.00032,0.00002,0.98715,0.00230,8,8
52,1,0.53196,0.71636,0.68833,0.75418,0.01942,0.00066,0.01265,0.89206,0.00867,0.01825,0.00820,0.01573,0.00468,0.01969,3,0
53,1,0.61538,0.63792,0.74871,0.90240,0.00122,0.00010,0.00203,0.95370,0.00250,0.03162,0.00299,0.00222,0.00142,0.00221,3,3
57,1,0.42844,0.85104,0.38903,0.51477,0.00173,0.00452,0.00421,0.00764,0.00832,0.05593,0.00044,0.91423,0.00013,0.00287,7,7
58,2,0.45770,0.81143,0.35897,0.50978,0.00092,0.01071,0.00714,0.01238,0.01801,0.62301,0.00099,0.32505,0.00083,0.00097,5,4
59,1,0.42885,0.60526,0.83231,0.75036,0.00408,0.00128,0.01178,0.55018,0.01063,0.01409,0.38912,0.00231,0.00343,0.01310,3,6
60,2,0.52609,0.91196,0.35350,0.42082,0.00158,0.00145,0.00152,0.00112,0.00325,0.00307,0.00011,0.98511,0.00002,0.00279,7,7
61,1,0.57404,0.57191,0.69974,0.80197,0.00208,0.00111,0.00918,0.73714,0.00684,0.21721,0.01002,0.00916,0.00413,0.00314,3,3
62,2,0.82091,0.68794,0.78032,0.48419,0.00028,0.00232,0.00296,0.00266,0.00207,0.00075,0.98672,0.00018,0.00045,0.00161,6,6
63,2,0.56447,0.53096,0.61859,0.78820,0.00386,0.00634,0.01177,0.52555,0.00691,0.39807,0.01897,0.01308,0.00956,0.00590,3,3
64,2,0.69888,0.64993,0.78718,0.49246,0.00027,0.00219,0.00304,0.00298,0.00207,0.00078,0.98639,0.00017,0.00047,0.00163,6,6
65,1,0.11621,0.83913,0.91068,0.05090,0.00348,0.00026,0.98544,0.00182,0.00161,0.00181,0.00288,0.00165,0.00097,0.00010,2,2
66,1,0.59608,0.35479,0.01420,0.44616,0.00611,0.91383,0.00088,0.00019,0.00034,0.01211,0.00419,0.00102,0.05324,0.00809,1,1
67,2,0.17120,0.87152,0.91771,0.04196,0.00312,0.00022,0.98703,0.00160,0.00143,0.00162,0.00257,0.00148,0.00085,0.00008,2,2
69,2,0.55764,0.95366,0.34938,0.41424,0.00144,0.00116,0.00132,0.00100,0.00337,0.00252,0.00009,0.98648,0.00001,0.00260,7,7
70,1,0.12799,0.74193,0.88872,0.09158,0.00506,0.00038,0.97800,0.00319,0.00241,0.00295,0.00390,0.00254,0.00141,0.00016,2,2
71,2,0.74852,0.63480,0.77942,0.48414,0.00031,0.00246,0.00332,0.00301,0.00230,0.00084,0.98526,0.00020,0.00051,0.00177,6,6
72,2,0.36700,0.10672,0.04960,0.36231,0.00255,0.00185,0.00071,0.00067,0.00222,0.00141,0.00027,0.00001,0.98830,0.00200,8,8
74,1,0.44669,0.33443,0.28468,0.40944,0.88092,0.00926,0.00922,0.00804,0.00526,0.00070,0.00138,0.00300,0.06408,0.01814,0,0
78,1,0.63254,0.45172,0.53714,0.70524,0.00028,0.00295,0.00410,0.05507,0.00301,0.92348,0.00179,0.00617,0.00287,0.00027,5,3
79,2,0.29608,0.12821,0.05617,0.36286,0.00271,0.00196,0.00078,0.00074,0.00243,0.00152,0.00030,0.00002,0.98739,0.00215,8,8
81,1,0.95818,0.59537,0.03733,0.49821,0.00149,0.98645,0.00017,0.00003,0.00003,0.00337,0.00203,0.00116,0.00215,0.00312,1,1
82,2,0.96292,0.51771,0.04801,0.49874,0.00142,0.98547,0.00019,0.00003,0.00004,0.00396,0.00225,0.00124,0.00226,0.00313,1,1
84,2,0.21593,0.89495,0.92123,0.03822,0.00297,0.00020,0.98773,0.00152,0.00135,0.00154,0.00241,0.00140,0.00080,0.00008,2,2
85,2,0.84803,0.36818,0.43678,0.60974,0.00005,0.00300,0.00164,0.00510,0.00123,0.98427,0.00041,0.00310,0.00116,0.00004,5,5
86,2,0.14265,0.75711,0.87552,0.07518,0.00436,0.00044,0.98007,0.00237,0.00210,0.00298,0.00356,0.00278,0.00119,0.00015,2,2
87,2,0.46948,0.86107,0.40185,0.48090,0.00359,0.00186,0.00286,0.00479,0.00579,0.00582,0.00029,0.96884,0.00005,0.00611,7,7
90,1,0.70023,0.14785,0.38974,0.38957,0.98587,0.00160,0.00345,0.00173,0.00086,0.00007,0.00022,0.00164,0.00281,0.00174,0,0
91,2,0.63998,0.83059,0.81651,0.92940,0.00152,0.00003,0.00123,0.98417,0.00121,0.00472,0.00257,0.00090,0.00074,0.00292,3,3
92,1,0.30005,0.07573,0.05212,0.36516,0.00260,0.00189,0.00073,0.00071,0.00230,0.00144,0.00029,0.00001,0.98790,0.00213,8,8
97,2,0.65531,0.18395,0.39288,0.37761,0.98434,0.00165,0.00414,0.00183,0.00096,0.00008,0.00024,0.00151,0.00355,0.00170,0,0
101,1,0.89150,0.26656,0.43185,0.62164,0.00002,0.00201,0.00097,0.00317,0.00066,0.99055,0.00023,0.00163,0.00076,0.00002,5,5
105,1,0.99044,0.48748,0.05077,0.49719,0.00153,0.98513,0.00020,0.00003,0.00004,0.00400,0.00229,0.00130,0.00230,0.00319,1,1
110,2,0.14439,0.29385,0.36486,0.18904,0.00088,0.00005,0.00143,0.00148,0.98728,0.00181,0.00171,0.00282,0.00236,0.00018,4,4
112,2,0.71217,0.69038,0.81234,0.45060,0.00028,0.00199,0.00452,0.00256,0.00206,0.00073,0.98598,0.00017,0.00043,0.00128,6,6
114,2,0.90551,0.53226,0.04057,0.50024,0.00133,0.98620,0.00017,0.00003,0.00003,0.00369,0.00212,0.00116,0.00217,0.00309,1,1
117,2,0.16225,0.21052,0.36193,0.18495,0.00081,0.00004,0.00130,0.00135,0.98833,0.00165,0.00154,0.00271,0.00211,0.00016,4,4
118,1,0.14423,0.66621,0.91123,0.13640,0.00494,0.00095,0.94790,0.00512,0.00397,0.00389,0.02852,0.00254,0.00179,0.00037,2,2
119,2,0.55400,0.83933,0.37941,0.39580,0.00161,0.00122,0.00202,0.00106,0.00312,0.00276,0.00010,0.98571,0.00002,0.00238,7,7
122,2,0.94382,0.46639,0.05547,0.49756,0.00155,0.98422,0.00021,0.00004,0.00004,0.00428,0.00246,0.00140,0.00240,0.00341,1,1
124,1,0.40291,0.10874,0.04362,0.36244,0.00247,0.00179,0.00066,0.00063,0.00208,0.00130,0.00026,0.00001,0.98888,0.00194,8,8
125,2,0.40667,0.39333,0.65386,0.20801,0.26902,0.00610,0.65175,0.01488,0.01040,0.00449,0.00919,0.01444,0.01584,0.00389,2,0
126,2,0.21854,0.13430,0.06333,0.36479,0.00296,0.00205,0.00085,0.00083,0.00261,0.00157,0.00034,0.00002,0.98634,0.00243,8,8
128,2,0.58829,0.46975,0.59246,0.72836,0.00081,0.00482,0.00837,0.16917,0.00674,0.78455,0.01045,0.00768,0.00630,0.00111,5,5
129,2,0.29523,0.84569,0.92846,0.03162,0.00301,0.00018,0.98882,0.00137,0.00119,0.00129,0.00212,0.00124,0.00072,0.00007,2,2
130,1,0.03265,0.47289,0.42837,0.16026,0.00178,0.00010,0.00558,0.00260,0.97460,0.00316,0.00334,0.00474,0.00382,0.00029,4,4
131,2,0.96719,0.40961,0.06366,0.49338,0.00204,0.98209,0.00027,0.00005,0.00005,0.00468,0.00268,0.00159,0.00284,0.00371,1,1
134,2,0.87859,0.58902,0.03150,0.50221,0.00109,0.98830,0.00014,0.00002,0.00003,0.00324,0.00182,0.00096,0.00183,0.00258,1,1
137,2,0.51934,0.83589,0.34403,0.42937,0.00168,0.00151,0.00137,0.00114,0.00290,0.00243,0.00011,0.98488,0.00002,0.00394,7,7
138,2,0.18109,0.84347,0.91847,0.04285,0.00316,0.00022,0.98683,0.00163,0.00146,0.00162,0.00266,0.00147,0.00087,0.00008,2,2
139,2,0.49484,0.25421,0.14613,0.65449,0.01458,0.02519,0.00048,0.00611,0.00074,0.00039,0.00412,0.00554,0.01831,0.92454,9,9
144,2,0.36352,0.05607,0.04629,0.36408,0.00234,0.00167,0.00065,0.00064,0.00210,0.00129,0.00025,0.00001,0.98914,0.00192,8,8
145,1,0.41477,0.91220,0.34653,0.39847,0.00183,0.00158,0.00202,0.00150,0.00767,0.00498,0.00017,0.97752,0.00003,0.00269,7,7
149,1,0.31282,0.90785,0.93156,0.02621,0.00257,0.00016,0.98961,0.00128,0.00113,0.00130,0.00204,0.00117,0.00068,0.00006,2,2
151,2,0.57308,0.03849,0.17181,0.73943,0.00178,0.00317,0.00007,0.00288,0.00015,0.00005,0.00117,0.00268,0.00204,0.98603,9,9
153,2,0.70822,0.15502,0.39300,0.39256,0.98577,0.00159,0.00348,0.00178,0.00086,0.00007,0.00022,0.00162,0.00284,0.00176,0,0
156,1,0.23550,0.91114,0.92597,0.03550,0.00286,0.00019,0.98819,0.00145,0.00129,0.00145,0.00239,0.00132,0.00077,0.00007,2,2
157,2,0.55673,0.13509,0.17625,0.73263,0.00200,0.00348,0.00009,0.00325,0.00018,0.00006,0.00132,0.00296,0.00235,0.98433,9,9
158,2,0.64963,0.68301,0.81390,0.94020,0.00100,0.00003,0.00121,0.98160,0.00116,0.00951,0.00208,0.00092,0.00073,0.00176,3,5
160,2,0.19806,0.79574,0.93167,0.04042,0.00261,0.00023,0.98758,0.00145,0.00129,0.00160,0.00313,0.00132,0.00072,0.00007,2,2
162,1,0.42528,0.59465,0.81403,0.74050,0.00356,0.00197,0.01448,0.53498,0.01191,0.02526,0.38662,0.00323,0.00429,0.01371,3,6
167,2,0.13393,0.22313,0.36517,0.18677,0.00084,0.00004,0.00138,0.00142,0.98775,0.00174,0.00168,0.00269,0.00229,0.00017,4,4
169,2,0.45020,0.30683,0.31329,0.38066,0.96052,0.00335,0.00528,0.00285,0.00193,0.00021,0.00040,0.00117,0.02060,0.00370,0,0
170,1,0.60236,0.06324,0.17539,0.73700,0.00187,0.00324,0.00008,0.00305,0.00016,0.00005,0.00121,0.00289,0.00209,0.98536,9,9
176,2,0.74883,0.84552,0.83630,0.96109,0.00102,0.00002,0.00082,0.98896,0.00080,0.00371,0.00169,0.00059,0.00049,0.00192,3,3
178,2,0.54425,0.47601,0.76742,0.62555,0.00339,0.00183,0.09027,0.43058,0.00838,0.43371,0.01084,0.01260,0.00712,0.00129,5,5
180,2,0.77180,0.17147,0.39200,0.39139,0.98766,0.00136,0.00306,0.00154,0.00073,0.00006,0.00019,0.00137,0.00253,0.00150,0,0
185,2,0.24870,0.17520,0.06497,0.36275,0.00304,0.00212,0.00089,0.00085,0.00278,0.00167,0.00035,0.00002,0.98589,0.00239,8,8
188,1,0.17590,0.44474,0.49355,0.26378,0.00364,0.00016,0.01126,0.01400,0.93967,0.00883,0.00690,0.00742,0.00743,0.00068,4,4
193,2,0.92359,0.55596,0.04202,0.50014,0.00131,0.98641,0.00017,0.00003,0.00003,0.00373,0.00209,0.00117,0.00209,0.00297,1,1
200,2,0.79134,0.27216,0.43926,0.62212,0.00004,0.00250,0.00131,0.00451,0.00093,0.98720,0.00034,0.00208,0.00107,0.00003,5,5
203,2,0.63509,0.95019,0.35023,0.41566,0.00110,0.00095,0.00109,0.00079,0.00259,0.00222,0.00007,0.98917,0.00001,0.00202,7,7
205,1,0.63564,0.79363,0.79876,0.92911,0.00168,0.00004,0.00126,0.98287,0.00127,0.00538,0.00240,0.00106,0.00082,0.00322,3,3
208,2,0.53335,0.87494,0.35758,0.41762,0.00183,0.00149,0.00170,0.00125,0.00364,0.00311,0.00012,0.98378,0.00002,0.00305,7,7
210,2,0.52095,0.96025,0.35230,0.42325,0.00146,0.00139,0.00148,0.00116,0.00358,0.00345,0.00011,0.98480,0.00002,0.00255,7,7
211,2,0.11124,0.37781,0.33518,0.19109,0.00169,0.00008,0.00200,0.00195,0.98181,0.00230,0.00186,0.00281,0.00522,0.00028,4,4
213,2,0.45103,0.21639,0.05856,0.57122,0.01334,0.01826,0.00101,0.00891,0.00301,0.00119,0.00341,0.00126,0.35040,0.59920,9,9
214,1,0.23290,0.28024,0.09725,0.33020,0.00335,0.00245,0.00158,0.00085,0.00270,0.00204,0.00042,0.00002,0.98451,0.00207,8,8
215,1,0.69223,0.21360,0.40369,0.38485,0.97860,0.00232,0.00560,0.00259,0.00135,0.00014,0.00038,0.00250,0.00402,0.00251,0,0
218,1,0.40247,0.06532,0.04364,0.36229,0.00225,0.00159,0.00061,0.00060,0.00200,0.00123,0.00023,0.00001,0.98969,0.00178,8,8
219,2,0.14160,0.86519,0.90883,0.04766,0.00340,0.00025,0.98586,0.00176,0.00156,0.00180,0.00270,0.00165,0.00094,0.00009,2,2
221,2,0.70842,0.57265,0.77210,0.46817,0.00030,0.00207,0.00320,0.00287,0.00310,0.00082,0.98535,0.00020,0.00053,0.00157,6,6
223,2,0.07966,0.43944,0.36422,0.21202,0.00138,0.00009,0.00216,0.00230,0.97973,0.00304,0.00220,0.00602,0.00275,0.00033,4,4
224,1,0.28196,0.46091,0.60717,0.64248,0.00835,0.00041,0.01111,0.68019,0.18966,0.05906,0.01702,0.01462,0.01293,0.00665,3,3
226,1,0.43064,0.44406,0.54671,0.47260,0.12413,0.03433,0.09681,0.17189,0.15749,0.07705,0.21302,0.03582,0.06185,0.02760,6,6
229,1,0.39562,0.49153,0.83465,0.37079,0.00225,0.00462,0.06159,0.01071,0.00789,0.00367,0.90299,0.00128,0.00206,0.00294,6,6
242,2,0.37761,0.23668,0.02994,0.37791,0.00555,0.01501,0.00124,0.00078,0.00231,0.00421,0.00084,0.00006,0.96572,0.00427,8,8
245,1,0.38015,0.71353,0.88191,0.65455,0.01126,0.00025,0.06846,0.86699,0.00659,0.01811,0.01402,0.00624,0.00343,0.00465,3,3
248,2,0.25673,0.90464,0.92824,0.03329,0.00280,0.00018,0.98858,0.00141,0.00125,0.00140,0.00229,0.00127,0.00074,0.00007,2,2
249,1,0.31007,0.81242,0.88982,0.05631,0.00786,0.00030,0.98130,0.00198,0.00162,0.00139,0.00250,0.00179,0.00113,0.00011,2,2
254,2,0.04623,0.43085,0.38983,0.19643,0.00129,0.00007,0.00232,0.00211,0.98212,0.00236,0.00250,0.00421,0.00275,0.00027,4,4
255,2,0.78273,0.12832,0.38882,0.38838,0.98811,0.00132,0.00296,0.00146,0.00071,0.00006,0.00018,0.00130,0.00248,0.00143,0,0
260,2,0.36467,0.17052,0.05068,0.36622,0.00245,0.00172,0.00068,0.00069,0.00218,0.00129,0.00027,0.00001,0.98857,0.00215,8,8
264,2,0.64406,0.21069,0.36144,0.39177,0.97402,0.00273,0.00507,0.00284,0.00152,0.00015,0.00039,0.00192,0.00785,0.00352,0,0
265,1,0.25627,0.30801,0.16660,0.30224,0.00497,0.00271,0.00442,0.00145,0.00412,0.00310,0.00071,0.00004,0.97616,0.00232,8,8
266,2,0.29115,0.76728,0.73817,0.08100,0.01067,0.00092,0.94816,0.00479,0.00788,0.00611,0.00544,0.00192,0.01371,0.00040,2,2
269,2,0.85969,0.18532,0.39854,0.40216,0.99101,0.00094,0.00225,0.00122,0.00050,0.00004,0.00012,0.00096,0.00185,0.00110,0,0
270,2,0.26817,0.87650,0.92327,0.03231,0.00287,0.00019,0.98842,0.00142,0.00128,0.00142,0.00227,0.00129,0.00077,0.00007,2,2
273,2,0.76269,0.78768,0.82485,0.96576,0.00094,0.00002,0.00078,0.98869,0.00078,0.00440,0.00146,0.00064,0.00048,0.00180,3,3
280,2,0.57943,0.21718,0.17524,0.72807,0.00239,0.00435,0.00009,0.00318,0.00018,0.00006,0.00145,0.00338,0.00236,0.98255,9,9
282,2,0.77435,0.70327,0.78778,0.48126,0.00028,0.00222,0.00316,0.00276,0.00212,0.00075,0.98649,0.00018,0.00045,0.00158,6,6
287,1,0.38196,0.35586,0.36997,0.26662,0.81295,0.00379,0.03465,0.01107,0.07074,0.00183,0.00291,0.00855,0.04833,0.00516,0,0
294,2,0.65789,0.77623,0.80097,0.92869,0.00159,0.00003,0.00127,0.98326,0.00125,0.00573,0.00226,0.00097,0.00084,0.00280,3,3
300,2,0.74711,0.54207,0.76610,0.47979,0.00040,0.00300,0.00393,0.00350,0.00285,0.00106,0.98226,0.00026,0.00065,0.00209,6,6
307,2,0.35143,0.94694,0.94438,0.01580,0.00223,0.00013,0.99107,0.00110,0.00097,0.00110,0.00179,0.00099,0.00057,0.00005,2,2
309,2,0.33159,0.47648,0.61964,0.34497,0.00356,0.00324,0.01995,0.01742,0.27090,0.00852,0.65956,0.00409,0.00793,0.00483,6,6
323,2,0.56234,0.78206,0.80980,0.91962,0.00132,0.00004,0.00144,0.98074,0.00149,0.00742,0.00304,0.00101,0.00087,0.00262,3,3
325,2,0.84962,0.57093,0.04207,0.50468,0.00110,0.98712,0.00015,0.00003,0.00003,0.00392,0.00197,0.00116,0.00185,0.00268,1,1
340,1,0.06701,0.70212,0.89215,0.03611,0.00377,0.00023,0.98307,0.00196,0.00280,0.00200,0.00304,0.00190,0.00113,0.00010,2,2
349,2,0.60097,0.18952,0.17425,0.73199,0.00203,0.00383,0.00008,0.00302,0.00017,0.00006,0.00135,0.00307,0.00222,0.98418,9,9
355,2,0.16754,0.49462,0.49842,0.28794,0.00574,0.00154,0.01712,0.01489,0.84813,0.01217,0.07207,0.01606,0.00881,0.00347,4,7
356,2,0.47078,0.62824,0.74998,0.82232,0.00212,0.00092,0.00743,0.84851,0.00731,0.08543,0.03482,0.00429,0.00400,0.00517,3,3
363,2,0.78300,0.42223,0.08555,0.47857,0.01208,0.96447,0.00066,0.00012,0.00012,0.00418,0.00327,0.00285,0.00560,0.00664,1,1
368,2,0.38718,0.34830,0.35250,0.27849,0.72098,0.00701,0.04767,0.01300,0.04689,0.00289,0.00383,0.00469,0.14515,0.00791,0,8
372,2,0.50936,0.08547,0.16381,0.73371,0.00187,0.00342,0.00007,0.00289,0.00016,0.00005,0.00120,0.00258,0.00238,0.98538,9,9
381,2,0.60048,0.03103,0.17000,0.73526,0.00182,0.00336,0.00007,0.00284,0.00015,0.00005,0.00120,0.00283,0.00206,0.98563,9,9
387,2,0.26925,0.74292,0.69775,0.26810,0.01066,0.00549,0.67164,0.02920,0.02286,0.12548,0.00797,0.12162,0.00356,0.00151,2,2
388,2,0.33226,0.88445,0.92960,0.02270,0.00245,0.00016,0.98998,0.00123,0.00111,0.00129,0.00194,0.00110,0.00068,0.00006,2,2
394,2,0.62842,0.29824,0.13934,0.65178,0.01071,0.12862,0.00064,0.00382,0.00064,0.00134,0.00789,0.02004,0.00883,0.81747,9,9
397,2,0.54091,0.55204,0.75954,0.89121,0.00557,0.00008,0.00210,0.97355,0.00195,0.00565,0.00266,0.00214,0.00127,0.00503,3,3
401,2,0.36618,0.02995,0.04046,0.36924,0.00238,0.00182,0.00063,0.00063,0.00199,0.00125,0.00026,0.00001,0.98889,0.00214,8,8
405,1,0.51681,0.64852,0.73326,0.73623,0.00566,0.00016,0.00828,0.91771,0.02262,0.01905,0.01138,0.00478,0.00460,0.00576,3,4
413,2,0.75109,0.54658,0.76850,0.48034,0.00040,0.00289,0.00390,0.00353,0.00284,0.00103,0.98243,0.00026,0.00064,0.00208,6,6
418,1,0.30014,0.67928,0.90278,0.44455,0.01806,0.00078,0.57451,0.31258,0.01269,0.03481,0.02606,0.01075,0.00702,0.00274,2,3
420,1,0.09195,0.29163,0.36780,0.19327,0.00095,0.00005,0.00157,0.00163,0.98614,0.00197,0.00191,0.00303,0.00255,0.00020,4,4
422,2,0.37608,0.28407,0.11175,0.34939,0.09875,0.00487,0.00333,0.00224,0.00470,0.00113,0.00048,0.00010,0.87974,0.00467,8,0
426,2,0.40702,0.53924,0.85788,0.54502,0.00496,0.00317,0.06321,0.13864,0.01346,0.01199,0.74756,0.00330,0.00402,0.00967,6,3
427,2,0.07503,0.35634,0.36652,0.19724,0.00114,0.00007,0.00183,0.00188,0.98398,0.00227,0.00215,0.00334,0.00310,0.00025,4,4
433,2,0.39121,0.80898,0.49219,0.42936,0.03928,0.00602,0.05121,0.07248,0.11426,0.04213,0.00737,0.64309,0.00307,0.02108,7,7
443,2,0.49238,0.08964,0.16785,0.74072,0.00172,0.00298,0.00007,0.00287,0.00015,0.00005,0.00111,0.00247,0.00213,0.98646,9,9
446,2,0.87408,0.35138,0.41424,0.59537,0.00004,0.00269,0.00132,0.00372,0.00113,0.98728,0.00032,0.00233,0.00113,0.00002,5,5
453,2,0.64929,0.72996,0.80222,0.92737,0.00140,0.00003,0.00129,0.98237,0.00133,0.00672,0.00239,0.00102,0.00082,0.00262,3,3
464,2,0.66213,0.72183,0.79713,0.92660,0.00142,0.00003,0.00130,0.98216,0.00134,0.00725,0.00220,0.00098,0.00089,0.00244,3,3
466,2,0.03453,0.31519,0.37127,0.19700,0.00107,0.00006,0.00174,0.00179,0.98475,0.00213,0.00214,0.00334,0.00274,0.00023,4,4
470,2,0.27451,0.43471,0.51408,0.57055,0.00195,0.00312,0.01426,0.14288,0.11811,0.67051,0.01416,0.01607,0.01766,0.00128,5,3
483,2,0.75691,0.34177,0.43820,0.61158,0.00006,0.00358,0.00178,0.00541,0.00123,0.98310,0.00050,0.00290,0.00140,0.00004,5,5
488,2,0.24584,0.41357,0.36333,0.35163,0.00158,0.00168,0.00998,0.01756,0.67862,0.24744,0.00585,0.02208,0.01469,0.00051,4,5
489,2,0.75187,0.23516,0.44377,0.45915,0.98272,0.00116,0.00379,0.00425,0.00092,0.00010,0.00027,0.00171,0.00295,0.00212,0,0
501,2,0.85546,0.72945,0.78973,0.48442,0.00024,0.00198,0.00270,0.00246,0.00190,0.00065,0.98811,0.00015,0.00039,0.00142,6,6
518,2,0.69624,0.42482,0.39780,0.57213,0.00015,0.00586,0.00295,0.00707,0.00347,0.95655,0.00058,0.02223,0.00100,0.00013,5,5
530,2,0.53606,0.14875,0.17886,0.73109,0.00210,0.00354,0.00009,0.00345,0.00019,0.00006,0.00136,0.00306,0.00248,0.98365,9,9
531,2,0.46816,0.44394,0.42797,0.55972,0.51714,0.00925,0.02547,0.20112,0.03581,0.00795,0.01131,0.02641,0.07044,0.09510,0,0
538,2,0.47603,0.11725,0.16366,0.73371,0.00190,0.00316,0.00007,0.00310,0.00017,0.00005,0.00118,0.00235,0.00270,0.98531,9,9
540,2,0.94050,0.43990,0.05611,0.49769,0.00169,0.98317,0.00023,0.00004,0.00005,0.00443,0.00259,0.00147,0.00263,0.00370,1,1
550,2,0.74864,0.34241,0.43857,0.60887,0.00006,0.00367,0.00189,0.00570,0.00138,0.98200,0.00053,0.00332,0.00140,0.00005,5,5
553,2,0.80570,0.28044,0.43538,0.61884,0.00004,0.00281,0.00136,0.00441,0.00095,0.98670,0.00036,0.00224,0.00110,0.00003,5,5
563,1,0.21592,0.68106,0.88101,0.24556,0.01227,0.00065,0.92198,0.02851,0.00614,0.00877,0.01081,0.00669,0.00332,0.00085,2,2
572,2,0.82201,0.47044,0.02697,0.49232,0.00218,0.97711,0.00028,0.00006,0.00007,0.00493,0.00272,0.00125,0.00596,0.00545,1,1
598,2,0.39088,0.64306,0.82400,0.59767,0.00762,0.00312,0.12788,0.54864,0.02039,0.13887,0.12809,0.00985,0.01039,0.00515,3,5
603,2,0.09867,0.77726,0.89955,0.05955,0.00392,0.00030,0.98344,0.00207,0.00184,0.00208,0.00321,0.00189,0.00112,0.00012,2,2
607,2,0.51173,0.53461,0.66371,0.62398,0.12555,0.00330,0.06861,0.65604,0.02143,0.04481,0.01311,0.03804,0.01379,0.01532,3,3
618,1,0.07062,0.68649,0.85086,0.06215,0.00651,0.00039,0.96940,0.00340,0.00641,0.00327,0.00493,0.00352,0.00197,0.00019,2,2
624,2,0.47001,0.90837,0.35653,0.42525,0.00187,0.00232,0.00218,0.00162,0.00441,0.00608,0.00018,0.97829,0.00003,0.00303,7,7
631,2,0.68785,0.38922,0.51269,0.52506,0.00011,0.00336,0.00783,0.00737,0.00184,0.97281,0.00080,0.00372,0.00212,0.00005,5,5
637,2,0.56042,0.71035,0.73077,0.89729,0.00303,0.00011,0.00192,0.96459,0.00210,0.00663,0.00343,0.00434,0.00113,0.01271,3,3
661,1,0.10739,0.51593,0.38346,0.23029,0.00516,0.00095,0.01470,0.00751,0.80808,0.02138,0.00354,0.13426,0.00272,0.00171,4,4
672,2,0.43459,0.46173,0.58103,0.40818,0.05546,0.06118,0.10472,0.04129,0.03760,0.01768,0.58605,0.01289,0.03881,0.04430,6,6
685,1,0.34804,0.54501,0.72659,0.68282,0.00866,0.00089,0.01627,0.75674,0.05484,0.02923,0.10327,0.00705,0.00925,0.01380,3,6
687,1,0.67825,0.55251,0.76655,0.47019,0.00043,0.00354,0.00468,0.00336,0.00265,0.00114,0.98102,0.00030,0.00067,0.00221,6,6
711,2,0.33921,0.23669,0.05050,0.35697,0.00479,0.00206,0.00082,0.00071,0.00219,0.00115,0.00026,0.00002,0.98592,0.00210,8,8
727,1,0.21316,0.56895,0.71319,0.21280,0.14600,0.00427,0.77773,0.01723,0.01065,0.00666,0.01004,0.01434,0.01074,0.00233,2,3
734,2,0.61801,0.34230,0.15306,0.54607,0.06807,0.30197,0.00495,0.01063,0.00440,0.00853,0.01981,0.01398,0.14352,0.42414,9,9
739,2,0.55978,0.62020,0.63100,0.75765,0.00483,0.00103,0.00934,0.74462,0.02207,0.14421,0.00615,0.05731,0.00266,0.00778,3,3
744,2,0.56214,0.28296,0.25631,0.67363,0.00660,0.01917,0.00066,0.01085,0.00109,0.00059,0.01238,0.00740,0.00981,0.93144,9,9
760,2,0.60552,0.51356,0.60244,0.77955,0.00114,0.00188,0.00661,0.35576,0.00647,0.60855,0.00456,0.00736,0.00645,0.00123,5,3
775,2,0.27006,0.50863,0.62440,0.54576,0.02159,0.00149,0.04628,0.50249,0.23140,0.08752,0.02749,0.05729,0.01364,0.01081,3,2
792,1,0.43154,0.77705,0.60626,0.74206,0.00615,0.00605,0.01623,0.56596,0.01793,0.28005,0.02015,0.06785,0.00527,0.01437,3,3
799,2,0.22053,0.79889,0.90525,0.04614,0.00317,0.00025,0.98574,0.00176,0.00165,0.00195,0.00285,0.00154,0.00101,0.00009,2,2
802,1,0.05455,0.57260,0.61065,0.12470,0.01570,0.00096,0.26292,0.01623,0.62432,0.01800,0.02318,0.02148,0.01589,0.00132,4,4
805,2,0.14142,0.41504,0.36327,0.22108,0.00094,0.00011,0.00226,0.00254,0.97743,0.00582,0.00270,0.00384,0.00414,0.00022,4,4
807,2,0.17371,0.31946,0.38651,0.20000,0.00100,0.00006,0.00175,0.00184,0.98492,0.00201,0.00262,0.00296,0.00261,0.00023,4,4
813,1,0.09982,0.80390,0.90249,0.05453,0.00370,0.00028,0.98444,0.00194,0.00173,0.00197,0.00300,0.00177,0.00105,0.00011,2,2
831,2,0.42200,0.69431,0.82165,0.73381,0.00784,0.00025,0.01998,0.92132,0.00569,0.01255,0.01645,0.00376,0.00386,0.00829,3,3
833,2,0.34953,0.78511,0.73201,0.15547,0.01457,0.00230,0.79585,0.00847,0.01290,0.01358,0.00424,0.14559,0.00093,0.00157,2,2
850,2,0.40803,0.80161,0.46669,0.58596,0.00685,0.00261,0.00607,0.03900,0.01119,0.01961,0.00109,0.89670,0.00022,0.01666,7,7
862,2,0.70307,0.85401,0.84476,0.94807,0.00119,0.00002,0.00098,0.98850,0.00084,0.00362,0.00181,0.00062,0.00051,0.00193,3,3
863,2,0.65133,0.68666,0.81797,0.91711,0.00129,0.00004,0.00166,0.97902,0.00135,0.01052,0.00242,0.00103,0.00087,0.00181,3,3
881,2,0.16939,0.38448,0.40330,0.24808,0.00151,0.00006,0.00213,0.00397,0.97930,0.00272,0.00290,0.00329,0.00379,0.00034,4,4
923,2,0.53133,0.34283,0.47250,0.80557,0.01430,0.00483,0.00282,0.34959,0.00454,0.00479,0.02412,0.01468,0.01380,0.56652,9,9
982,2,0.24501,0.60662,0.63972,0.31340,0.17945,0.00494,0.44254,0.09905,0.09928,0.02130,0.02102,0.10311,0.01605,0.01326,2,0
988,2,0.35806,0.95445,0.95531,0.00726,0.00199,0.00011,0.99215,0.00096,0.00084,0.00096,0.00158,0.00089,0.00049,0.00004,2,2
994,2,0.39187,0.52064,0.74884,0.51286,0.00297,0.00361,0.01743,0.04437,0.02356,0.00629,0.88723,0.00178,0.00437,0.00840,6,6
1002,2,0.28874,0.22911,0.07166,0.37913,0.00341,0.00230,0.00092,0.00108,0.00309,0.00166,0.00046,0.00002,0.98373,0.00333,8,8
1034,2,0.18040,0.64225,0.77405,0.19909,0.01267,0.00307,0.80463,0.02300,0.03870,0.02261,0.07216,0.00718,0.01435,0.00163,2,6
1049,2,0.12823,0.47170,0.38225,0.23108,0.00471,0.00106,0.01206,0.00676,0.91816,0.01828,0.01020,0.01495,0.01265,0.00119,4,4
1051,2,0.14451,0.64145,0.90199,0.18197,0.00690,0.00207,0.86724,0.00908,0.00694,0.00564,0.09515,0.00331,0.00279,0.00087,2,2
1118,2,0.11972,0.55134,0.35289,0.36368,0.00879,0.00434,0.00938,0.00863,0.11758,0.01906,0.00227,0.82002,0.00073,0.00921,7,4
1120,2,0.53446,0.43090,0.62786,0.36709,0.00117,0.00709,0.16146,0.01826,0.00713,0.77959,0.00445,0.01451,0.00615,0.00020,5,5
1129,2,0.36838,0.58649,0.84567,0.56029,0.00356,0.00378,0.05355,0.13614,0.01333,0.01972,0.75541,0.00280,0.00458,0.00714,6,3
1147,2,0.57344,0.30752,0.51292,0.66331,0.00774,0.01984,0.00449,0.05977,0.00632,0.00228,0.38178,0.00758,0.00984,0.50037,9,6
1181,2,0.45834,0.50800,0.76219,0.56937,0.00183,0.00415,0.00823,0.02697,0.00616,0.00301,0.93807,0.00101,0.00188,0.00869,6,3
1195,2,0.63426,0.55387,0.80615,0.43385,0.00080,0.00348,0.01335,0.00565,0.00400,0.00173,0.96710,0.00050,0.00100,0.00239,6,6
1199,2,0.53667,0.27105,0.23193,0.72466,0.00397,0.00479,0.00022,0.00867,0.00045,0.00017,0.00261,0.00524,0.00423,0.96964,9,9
1224,2,0.38879,0.88159,0.33464,0.35065,0.00314,0.00198,0.00414,0.00318,0.05292,0.01170,0.00058,0.91884,0.00016,0.00336,7,7
1228,2,0.61171,0.42978,0.48776,0.61199,0.00215,0.00509,0.01430,0.13885,0.03094,0.76429,0.00671,0.01297,0.02304,0.00167,5,5
1248,2,0.23119,0.52176,0.57964,0.33386,0.02257,0.00100,0.07990,0.09549,0.68626,0.03331,0.02765,0.02717,0.02256,0.00412,4,2
1277,2,0.28472,0.64869,0.94252,0.36243,0.01428,0.00073,0.78418,0.12242,0.00965,0.01467,0.04111,0.00660,0.00447,0.00188,2,2
1293,2,0.09465,0.46183,0.33440,0.24554,0.00238,0.00020,0.00278,0.00390,0.96716,0.00382,0.00319,0.01102,0.00450,0.00105,4,4
1304,2,0.21459,0.34027,0.23847,0.24757,0.01088,0.00142,0.00826,0.00787,0.75798,0.01169,0.00610,0.00265,0.18986,0.00328,4,4
1321,2,0.31282,0.63516,0.79226,0.30982,0.00876,0.01139,0.71537,0.03438,0.01418,0.08297,0.10801,0.01491,0.00810,0.00196,2,2
1334,2,0.27456,0.69249,0.91654,0.37769,0.01383,0.00066,0.76623,0.14934,0.00952,0.02708,0.01738,0.00973,0.00478,0.00144,2,3
1364,2,0.03727,0.51317,0.47564,0.13239,0.00340,0.00019,0.02151,0.00460,0.94339,0.00653,0.00545,0.00727,0.00727,0.00040,4,4
1429,2,0.36951,0.44387,0.56607,0.46974,0.00536,0.01666,0.01523,0.02070,0.02114,0.00629,0.85439,0.00092,0.03533,0.02397,6,6
1438,1,0.90778,0.34126,0.44730,0.57639,0.00005,0.00323,0.00219,0.00400,0.00098,0.98547,0.00042,0.00233,0.00130,0.00003,5,5
1444,1,0.94609,0.60286,0.03435,0.49772,0.00134,0.98729,0.00016,0.00003,0.00003,0.00343,0.00190,0.00105,0.00206,0.00272,1,1
1495,2,0.70668,0.25497,0.43632,0.35187,0.98438,0.00132,0.00605,0.00169,0.00083,0.00007,0.00023,0.00151,0.00267,0.00126,0,2
1503,2,0.23282,0.48503,0.49471,0.49486,0.01161,0.00057,0.01057,0.15939,0.68177,0.02813,0.01154,0.08099,0.00615,0.00929,4,4
1514,2,0.48277,0.36383,0.32405,0.46460,0.90660,0.02196,0.00723,0.00639,0.00239,0.00061,0.00205,0.01266,0.01079,0.02932,0,0
1521,2,0.09360,0.51551,0.33824,0.26286,0.00497,0.00073,0.00619,0.00581,0.79421,0.01055,0.00261,0.17111,0.00147,0.00235,4,7
1561,2,0.72037,0.35699,0.44202,0.58754,0.00013,0.00533,0.00327,0.00831,0.00227,0.97265,0.00093,0.00442,0.00261,0.00009,5,5
1577,2,0.57445,0.67560,0.76803,0.90616,0.00158,0.00004,0.00137,0.97826,0.00242,0.00793,0.00279,0.00132,0.00113,0.00316,3,5
1595,2,0.48534,0.68486,0.82666,0.83122,0.00287,0.00017,0.00556,0.94910,0.00357,0.01179,0.01733,0.00206,0.00183,0.00572,3,3
1605,2,0.36198,0.68253,0.80636,0.54562,0.06074,0.00144,0.23258,0.59774,0.01542,0.03680,0.02121,0.01503,0.01244,0.00661,3,3
1651,2,0.68731,0.27772,0.51286,0.30155,0.95986,0.00177,0.02518,0.00294,0.00151,0.00018,0.00055,0.00278,0.00379,0.00144,0,0
1715,2,0.51716,0.75425,0.79647,0.86584,0.00253,0.00006,0.00290,0.97364,0.00224,0.00846,0.00354,0.00169,0.00133,0.00360,3,3
1724,2,0.09875,0.24551,0.36848,0.18903,0.00090,0.00005,0.00149,0.00153,0.98691,0.00183,0.00185,0.00278,0.00247,0.00019,4,4
1746,2,0.05895,0.63201,0.76335,0.04096,0.00955,0.00048,0.87611,0.00689,0.07372,0.00783,0.01119,0.00821,0.00567,0.00036,2,2
1798,2,0.14681,0.19990,0.36503,0.18562,0.00080,0.00004,0.00131,0.00136,0.98832,0.00165,0.00162,0.00256,0.00219,0.00016,4,4
1858,2,0.35026,0.78669,0.70198,0.13912,0.01487,0.00220,0.70818,0.00914,0.02839,0.01683,0.00464,0.21303,0.00104,0.00168,2,4
1860,2,0.28812,0.25064,0.08923,0.39268,0.00280,0.00209,0.00101,0.00132,0.00297,0.00270,0.00039,0.00002,0.98440,0.00229,8,8
1867,2,0.46148,0.49544,0.72020,0.56436,0.00142,0.00400,0.00587,0.02239,0.00765,0.00235,0.94028,0.00101,0.00217,0.01286,6,6
1883,2,0.50743,0.66748,0.77065,0.82313,0.00250,0.00016,0.00384,0.93935,0.00929,0.01726,0.01757,0.00237,0.00259,0.00507,3,3
1905,2,0.71155,0.74461,0.81261,0.94960,0.00111,0.00002,0.00097,0.98626,0.00098,0.00549,0.00175,0.00074,0.00065,0.00203,3,3
1924,2,0.53870,0.36976,0.50701,0.78995,0.01240,0.00763,0.00852,0.67415,0.01149,0.07436,0.01643,0.06277,0.01183,0.12042,3,9
1983,2,0.30356,0.36478,0.41890,0.33923,0.03500,0.00769,0.10452,0.03412,0.02559,0.02606,0.01077,0.00116,0.74460,0.01049,8,8
2015,2,0.04326,0.26020,0.37235,0.19763,0.00099,0.00006,0.00161,0.00173,0.98569,0.00201,0.00206,0.00291,0.00273,0.00021,4,4
2061,2,0.44226,0.72538,0.80004,0.67811,0.00968,0.00064,0.05216,0.82649,0.00932,0.05134,0.01026,0.03027,0.00250,0.00733,3,5
2173,2,0.68299,0.85326,0.81754,0.93830,0.00168,0.00003,0.00112,0.98593,0.00105,0.00433,0.00200,0.00080,0.00068,0.00239,3,3
2363,2,0.68341,0.49966,0.58898,0.47044,0.00355,0.06078,0.01455,0.00702,0.00502,0.00768,0.87581,0.00244,0.00635,0.01681,6,2
2396,2,0.81023,0.50070,0.05668,0.49942,0.00162,0.98349,0.00023,0.00004,0.00005,0.00486,0.00237,0.00162,0.00237,0.00336,1,1
2409,2,0.04971,0.57000,0.61902,0.09350,0.01043,0.00052,0.20798,0.01114,0.71121,0.01224,0.01902,0.01520,0.01147,0.00079,4,4
2444,2,0.75417,0.85918,0.84121,0.97542,0.00073,0.00001,0.00067,0.98976,0.00074,0.00380,0.00169,0.00050,0.00043,0.00167,3,3
2464,2,0.16097,0.67495,0.87140,0.12348,0.01029,0.00099,0.95673,0.00478,0.00391,0.00325,0.01438,0.00302,0.00228,0.00038,2,2
2477,2,0.95091,0.60116,0.03638,0.49813,0.00138,0.98724,0.00016,0.00003,0.00003,0.00330,0.00192,0.00111,0.00198,0.00285,1,1
2642,2,0.60310,0.88450,0.35850,0.41624,0.00152,0.00127,0.00149,0.00107,0.00306,0.00258,0.00010,0.98598,0.00002,0.00290,7,7
2659,2,0.19340,0.73984,0.95530,0.09719,0.00332,0.00016,0.98498,0.00311,0.00142,0.00197,0.00275,0.00138,0.00083,0.00008,2,2
2701,2,0.88874,0.41388,0.05161,0.48524,0.00370,0.98027,0.00031,0.00005,0.00006,0.00381,0.00242,0.00153,0.00374,0.00412,1,1
2987,2,0.78183,0.47865,0.11438,0.47826,0.00282,0.97326,0.00059,0.00009,0.00010,0.00755,0.00449,0.00243,0.00401,0.00465,1,1
3103,2,0.69453,0.52415,0.73947,0.47699,0.00052,0.00512,0.00412,0.00291,0.00223,0.00111,0.98041,0.00030,0.00073,0.00254,6,6
3290,1,0.90245,0.28968,0.43438,0.60305,0.00003,0.00233,0.00127,0.00338,0.00077,0.98913,0.00027,0.00191,0.00089,0.00002,5,5
3354,2,0.33163,0.43770,0.58530,0.63621,0.01003,0.00629,0.04213,0.50549,0.02808,0.23235,0.04402,0.00445,0.11538,0.01178,3,3
3502,2,0.31484,0.31353,0.13932,0.42090,0.01352,0.02199,0.00714,0.00931,0.01840,0.03032,0.00315,0.00120,0.87788,0.01709,8,8
3577,2,0.46812,0.18207,0.11626,0.66099,0.00575,0.01019,0.00028,0.00544,0.00067,0.00026,0.00241,0.00238,0.02528,0.94735,9,9
3635,2,0.25727,0.39917,0.37528,0.41012,0.00553,0.00781,0.02036,0.03425,0.34289,0.31666,0.00701,0.25487,0.00713,0.00350,4,4
3968,2,0.34901,0.04318,0.04911,0.36728,0.00243,0.00178,0.00068,0.00068,0.00215,0.00135,0.00027,0.00001,0.98854,0.00211,8,8
3988,2,0.89169,0.60029,0.03315,0.50096,0.00112,0.98824,0.00014,0.00002,0.00003,0.00329,0.00183,0.00097,0.00184,0.00254,1,1
4066,2,0.31393,0.55394,0.84035,0.30050,0.00322,0.00812,0.22923,0.01252,0.01010,0.01178,0.71670,0.00247,0.00376,0.00212,6,6
4139,2,0.22937,0.38550,0.48057,0.43081,0.12261,0.00200,0.03359,0.15208,0.55897,0.02210,0.01559,0.05414,0.02697,0.01194,4,5
4439,2,0.49305,0.04693,0.19491,0.74776,0.00190,0.00318,0.00008,0.00365,0.00017,0.00006,0.00145,0.00276,0.00212,0.98464,9,9
4490,2,0.26939,0.58555,0.79296,0.25018,0.10174,0.00740,0.71081,0.02314,0.01425,0.00527,0.11595,0.00834,0.00901,0.00409,2,0
4643,2,0.49980,0.74968,0.82140,0.82131,0.00339,0.00009,0.00620,0.96400,0.00267,0.01093,0.00483,0.00258,0.00147,0.00384,3,3
4963,2,0.47576,0.76540,0.87577,0.84026,0.00229,0.00004,0.00518,0.97619,0.00153,0.00746,0.00318,0.00124,0.00096,0.00193,3,3
4990,2,0.49527,0.95915,0.34585,0.42478,0.00120,0.00131,0.00123,0.00092,0.00276,0.00300,0.00009,0.98721,0.00001,0.00228,7,7
5130,2,0.49833,0.56964,0.75825,0.61641,0.00734,0.00188,0.09875,0.61291,0.01525,0.21244,0.02313,0.01019,0.01465,0.00345,3,5
5235,2,0.74221,0.48913,0.17635,0.49671,0.00230,0.95960,0.00070,0.00015,0.00016,0.00758,0.01713,0.00205,0.00394,0.00638,1,1
5917,2,0.34451,0.70890,0.92175,0.56752,0.01434,0.00042,0.21568,0.69023,0.00958,0.02986,0.02372,0.00785,0.00493,0.00341,3,3
7617,2,0.18863,0.58280,0.64678,0.16309,0.12234,0.00482,0.79344,0.01098,0.01102,0.00618,0.00931,0.00519,0.03451,0.00221,2,2
8226,2,0.44322,0.25562,0.18981,0.60301,0.02935,0.16161,0.00601,0.03437,0.00763,0.02512,0.02281,0.01491,0.22217,0.47603,9,8
